{
	"editor": {
		"allAngles": false,
		"entityTextureMode": false
	},
	"textureWidth": 16,
	"textureHeight": 16,
	"textureSizes": {
	},
	"textures": {
		"woodext": "game:block/wood/bucket/sides",
        "woodint": "game:block/wood/bucket/inner side",
		"metal": "game:item/tool/material/iron",
		"handle": "game:block/cloth/linen/normal1"
	},
	"elements": [
		{
			"name": "Bucket",
			"from": [ 4.0, 0.0, 7.0 ], 
			"to": [ 12.0, 1.0, 15.0 ], 
			"rotationOrigin": [ 4.0, 0.0, 7.0 ],
			"faces": {
				"north": { "texture": "#woodext", "uv": [ 8.0, 1.5, 16.0, 2.5 ], "windMode": [-1,-1,-1,-1] },
				"east": { "texture": "#woodext", "uv": [ 7.5, 1.5, 15.5, 2.5 ], "windMode": [-1,-1,-1,-1] },
				"south": { "texture": "#woodext", "uv": [ 7.5, 1.5, 15.5, 2.5 ], "windMode": [-1,-1,-1,-1] },
				"west": { "texture": "#woodext", "uv": [ 7.0, 1.5, 15.0, 2.5 ], "windMode": [-1,-1,-1,-1] },
				"up": { "texture": "#woodint", "uv": [ 0.0, 0.0, 8.0, 8.0 ], "windMode": [-1,-1,-1,-1] },
				"down": { "texture": "#woodint", "uv": [ 0.0, 0.0, 8.0, 8.0 ], "windMode": [-1,-1,-1,-1] }
			},
			"children": [
				{
					"name": "Wall1",
					"from": [ 0.0, 1.0, 0.0 ], 
					"to": [ 1.0, 10.0, 8.0 ], 
					"rotationOrigin": [ 0.0, 1.0, 0.0 ],
					"faces": {
						"north": { "texture": "#woodext", "uv": [ 0.0, 0.0, 1.0, 9.0 ] },
						"east": { "texture": "#woodint", "uv": [ 0.0, 0.0, 8.0, 9.0 ] },
						"south": { "texture": "#woodext", "uv": [ 14.5, 0.0, 15.5, 9.0 ], "windMode": [-1,-1,-1,-1] },
						"west": { "texture": "#woodext", "uv": [ 7.5, 0.0, 15.5, 9.0 ], "windMode": [-1,-1,-1,-1] },
						"up": { "texture": "#woodint", "uv": [ 0.0, 0.0, 1.0, 8.0 ] },
						"down": { "texture": "#null", "uv": [ 0.0, 0.0, 1.0, 8.0 ] }
					}
				},
				{
					"name": "Wall2",
					"from": [ 1.0, 1.0, 0.0 ], 
					"to": [ 8.0, 10.0, 1.0 ], 
					"rotationOrigin": [ 1.0, 1.0, 0.0 ],
					"faces": {
						"north": { "texture": "#woodext", "uv": [ 0.0, 0.0, 7.0, 9.0 ] },
						"east": { "texture": "#woodext", "uv": [ 0.0, 0.0, 1.0, 9.0 ] },
						"south": { "texture": "#woodint", "uv": [ 0.0, 0.0, 7.0, 9.0 ] },
						"west": { "texture": "#null", "uv": [ 0.0, 0.0, 1.0, 9.0 ] },
						"up": { "texture": "#woodint", "uv": [ 0.0, 0.0, 7.0, 1.0 ], "windMode": [-1,-1,-1,-1] },
						"down": { "texture": "#null", "uv": [ 0.0, 0.0, 7.0, 1.0 ] }
					}
				},
				{
					"name": "Wall4",
					"from": [ 1.0, 1.0, 7.0 ], 
					"to": [ 8.0, 10.0, 8.0 ], 
					"rotationOrigin": [ 1.0, 1.0, 7.0 ],
					"faces": {
						"north": { "texture": "#woodint", "uv": [ 0.0, 0.0, 7.0, 9.0 ] },
						"east": { "texture": "#woodext", "uv": [ 0.0, 0.0, 1.0, 9.0 ] },
						"south": { "texture": "#woodext", "uv": [ 0.0, 0.0, 7.0, 9.0 ], "windMode": [-1,-1,-1,-1] },
						"west": { "texture": "#null", "uv": [ 0.0, 0.0, 1.0, 9.0 ] },
						"up": { "texture": "#woodint", "uv": [ 0.0, 0.0, 7.0, 1.0 ] },
						"down": { "texture": "#null", "uv": [ 0.0, 0.0, 7.0, 1.0 ] }
					}
				},
				{
					"name": "Wall3",
					"from": [ 7.0, 1.0, 1.0 ], 
					"to": [ 8.0, 10.0, 7.0 ], 
					"rotationOrigin": [ 7.0, 1.0, 1.0 ],
					"faces": {
						"north": { "texture": "#null", "uv": [ 0.0, 0.0, 1.0, 9.0 ] },
						"east": { "texture": "#woodext", "uv": [ 9.5, 0.0, 15.5, 9.0 ] },
						"south": { "texture": "#null", "uv": [ 0.0, 0.0, 1.0, 9.0 ] },
						"west": { "texture": "#woodint", "uv": [ 0.0, 0.0, 6.0, 9.0 ] },
						"up": { "texture": "#woodint", "uv": [ 0.0, 0.0, 1.0, 6.0 ] },
						"down": { "texture": "#null", "uv": [ 0.0, 0.0, 1.0, 6.0 ] }
					}
				}
			]
		},
		{
			"name": "Handle",
			"from": [ 6.0, 14.0, 11.0 ], 
			"to": [ 10.0, 15.0, 12.0 ], 
			"rotationOrigin": [ 6.0, 14.0, 11.0 ],
			"faces": {
				"north": { "texture": "#handle", "uv": [ 0.0, 0.0, 4.0, 1.0 ], "windMode": [-1,-1,-1,-1] },
				"east": { "texture": "#handle", "uv": [ 0.0, 0.0, 1.0, 1.0 ], "windMode": [-1,-1,-1,-1] },
				"south": { "texture": "#handle", "uv": [ 0.0, 0.0, 4.0, 1.0 ], "windMode": [-1,-1,-1,-1] },
				"west": { "texture": "#handle", "uv": [ 0.0, 0.0, 1.0, 1.0 ], "windMode": [-1,-1,-1,-1] },
				"up": { "texture": "#handle", "uv": [ 0.0, 0.0, 4.0, 1.0 ], "windMode": [-1,-1,-1,-1] },
				"down": { "texture": "#handle", "uv": [ 0.0, 0.0, 4.0, 1.0 ], "windMode": [-1,-1,-1,-1] }
			},
			"children": [
				{
					"name": "Handle2",
					"from": [ -1.0, -1.0, 0.0 ], 
					"to": [ 0.0, 0.0, 1.0 ], 
					"rotationOrigin": [ -1.0, -1.0, 0.0 ],
					"faces": {
						"north": { "texture": "#handle", "uv": [ 0.0, 0.0, 1.0, 1.0 ], "windMode": [-1,-1,-1,-1] },
						"east": { "texture": "#handle", "uv": [ 0.0, 0.0, 1.0, 1.0 ], "windMode": [-1,-1,-1,-1] },
						"south": { "texture": "#handle", "uv": [ 0.0, 0.0, 1.0, 1.0 ], "windMode": [-1,-1,-1,-1] },
						"west": { "texture": "#handle", "uv": [ 0.0, 0.0, 1.0, 1.0 ], "windMode": [-1,-1,-1,-1] },
						"up": { "texture": "#handle", "uv": [ 0.0, 0.0, 1.0, 1.0 ], "windMode": [-1,-1,-1,-1] },
						"down": { "texture": "#handle", "uv": [ 0.0, 0.0, 1.0, 1.0 ], "windMode": [-1,-1,-1,-1] }
					}
				},
				{
					"name": "Handle3",
					"from": [ 4.0, -1.0, 0.0 ], 
					"to": [ 5.0, 0.0, 1.0 ], 
					"rotationOrigin": [ 4.0, -1.0, 0.0 ],
					"faces": {
						"north": { "texture": "#handle", "uv": [ 0.0, 0.0, 1.0, 1.0 ] },
						"east": { "texture": "#handle", "uv": [ 0.0, 0.0, 1.0, 1.0 ], "windMode": [-1,-1,-1,-1] },
						"south": { "texture": "#handle", "uv": [ 0.0, 0.0, 1.0, 1.0 ], "windMode": [-1,-1,-1,-1] },
						"west": { "texture": "#handle", "uv": [ 0.0, 0.0, 1.0, 1.0 ], "windMode": [-1,-1,-1,-1] },
						"up": { "texture": "#handle", "uv": [ 0.0, 0.0, 1.0, 1.0 ], "windMode": [-1,-1,-1,-1] },
						"down": { "texture": "#handle", "uv": [ 0.0, 0.0, 1.0, 1.0 ], "windMode": [-1,-1,-1,-1] }
					}
				},
				{
					"name": "Handle4",
					"from": [ -2.0, -4.0, 0.0 ], 
					"to": [ -1.0, -1.0, 1.0 ], 
					"rotationOrigin": [ -2.0, -4.0, 0.0 ],
					"faces": {
						"north": { "texture": "#handle", "uv": [ 0.0, 0.0, 1.0, 3.0 ] },
						"east": { "texture": "#handle", "uv": [ 0.0, 0.0, 1.0, 3.0 ], "windMode": [-1,-1,-1,-1] },
						"south": { "texture": "#handle", "uv": [ 0.0, 0.0, 1.0, 3.0 ], "windMode": [-1,-1,-1,-1] },
						"west": { "texture": "#handle", "uv": [ 0.0, 0.0, 1.0, 3.0 ], "windMode": [-1,-1,-1,-1] },
						"up": { "texture": "#handle", "uv": [ 0.0, 0.0, 1.0, 1.0 ], "windMode": [-1,-1,-1,-1] },
						"down": { "texture": "#handle", "uv": [ 0.0, 0.0, 1.0, 1.0 ], "windMode": [-1,-1,-1,-1] }
					}
				},
				{
					"name": "Handle5",
					"from": [ 5.0, -4.0, 0.0 ], 
					"to": [ 6.0, -1.0, 1.0 ], 
					"rotationOrigin": [ 5.0, -4.0, 0.0 ],
					"faces": {
						"north": { "texture": "#handle", "uv": [ 0.0, 0.0, 1.0, 3.0 ] },
						"east": { "texture": "#handle", "uv": [ 0.0, 0.0, 1.0, 3.0 ], "windMode": [-1,-1,-1,-1] },
						"south": { "texture": "#handle", "uv": [ 0.0, 0.0, 1.0, 3.0 ], "windMode": [-1,-1,-1,-1] },
						"west": { "texture": "#handle", "uv": [ 0.0, 0.0, 1.0, 3.0 ], "windMode": [-1,-1,-1,-1] },
						"up": { "texture": "#handle", "uv": [ 0.0, 0.0, 1.0, 1.0 ], "windMode": [-1,-1,-1,-1] },
						"down": { "texture": "#handle", "uv": [ 0.0, 0.0, 1.0, 1.0 ], "windMode": [-1,-1,-1,-1] }
					}
				}
			]
		},
		{
			"name": "Tap",
			"from": [ 7.0, 12.0, 6.0 ], 
			"to": [ 9.0, 14.0, 17.0 ], 
			"rotationOrigin": [ 7.0, 12.0, 6.0 ],
			"faces": {
				"north": { "texture": "#metal", "uv": [ 0.0, 0.0, 2.0, 2.0 ] },
				"east": { "texture": "#metal", "uv": [ 0.5, 4.5, 11.5, 6.5 ], "windMode": [-1,-1,-1,-1] },
				"south": { "texture": "#metal", "uv": [ 0.0, 0.0, 2.0, 2.0 ], "windMode": [-1,-1,-1,-1] },
				"west": { "texture": "#metal", "uv": [ 2.5, 3.0, 13.5, 5.0 ], "windMode": [-1,-1,-1,-1] },
				"up": { "texture": "#metal", "uv": [ 0.0, 0.0, 2.0, 11.0 ], "windMode": [-1,-1,-1,-1] },
				"down": { "texture": "#metal", "uv": [ 0.0, 0.0, 2.0, 11.0 ], "windMode": [-1,-1,-1,-1] }
			},
			"children": [
				{
					"name": "TapEnd",
					"from": [ 0.0, 0.0, 11.0 ], 
					"to": [ 2.0, 1.0, 13.0 ], 
					"rotationOrigin": [ 0.0, 0.0, 11.0 ],
					"faces": {
						"north": { "texture": "#metal", "uv": [ 0.0, 0.0, 2.0, 1.0 ] },
						"east": { "texture": "#metal", "uv": [ 0.0, 0.0, 2.0, 1.0 ], "windMode": [-1,-1,-1,-1] },
						"south": { "texture": "#metal", "uv": [ 0.0, 0.0, 2.0, 1.0 ], "windMode": [-1,-1,-1,-1] },
						"west": { "texture": "#metal", "uv": [ 0.0, 0.0, 2.0, 1.0 ], "windMode": [-1,-1,-1,-1] },
						"up": { "texture": "#metal", "uv": [ 0.0, 0.0, 2.0, 2.0 ], "windMode": [-1,-1,-1,-1] },
						"down": { "texture": "#metal", "uv": [ 0.0, 0.0, 2.0, 2.0 ], "windMode": [-1,-1,-1,-1] }
					}
				},
				{
					"name": "TapCatch",
					"from": [ 0.0, 2.0, 0.0 ], 
					"to": [ 2.0, 3.0, 1.0 ], 
					"rotationOrigin": [ 0.0, 2.0, 0.0 ],
					"faces": {
						"north": { "texture": "#metal", "uv": [ 0.0, 0.0, 2.0, 1.0 ], "windMode": [-1,-1,-1,-1] },
						"east": { "texture": "#metal", "uv": [ 0.0, 0.0, 1.0, 1.0 ], "windMode": [-1,-1,-1,-1] },
						"south": { "texture": "#metal", "uv": [ 0.0, 0.0, 2.0, 1.0 ], "windMode": [-1,-1,-1,-1] },
						"west": { "texture": "#metal", "uv": [ 0.0, 0.0, 1.0, 1.0 ], "windMode": [-1,-1,-1,-1] },
						"up": { "texture": "#metal", "uv": [ 0.0, 0.0, 2.0, 1.0 ], "windMode": [-1,-1,-1,-1] },
						"down": { "texture": "#metal", "uv": [ 0.0, 0.0, 2.0, 1.0 ], "windMode": [-1,-1,-1,-1] }
					}
				},
				{
					"name": "TapSpout",
					"from": [ 0.0, -2.0, 5.0 ], 
					"to": [ 2.0, 0.0, 6.0 ], 
					"rotationOrigin": [ 0.0, -2.0, 5.0 ],
					"faces": {
						"north": { "texture": "#metal", "uv": [ 0.0, 0.0, 2.0, 2.0 ] },
						"east": { "texture": "#metal", "uv": [ 0.0, 0.0, 1.0, 2.0 ], "windMode": [-1,-1,-1,-1] },
						"south": { "texture": "#metal", "uv": [ 0.0, 0.0, 2.0, 2.0 ], "windMode": [-1,-1,-1,-1] },
						"west": { "texture": "#metal", "uv": [ 0.0, 0.0, 1.0, 2.0 ], "windMode": [-1,-1,-1,-1] },
						"up": { "texture": "#metal", "uv": [ 0.0, 0.0, 2.0, 1.0 ], "windMode": [-1,-1,-1,-1] },
						"down": { "texture": "#metal", "uv": [ 0.0, 0.0, 2.0, 1.0 ], "windMode": [-1,-1,-1,-1] }
					}
				},
				{
					"name": "TapSpout2",
					"from": [ 0.0, -1.0, 6.0 ], 
					"to": [ 2.0, 0.0, 7.0 ], 
					"rotationOrigin": [ 0.0, -1.0, 6.0 ],
					"faces": {
						"north": { "texture": "#metal", "uv": [ 0.0, 0.0, 2.0, 1.0 ] },
						"east": { "texture": "#metal", "uv": [ 0.0, 0.0, 1.0, 1.0 ], "windMode": [-1,-1,-1,-1] },
						"south": { "texture": "#metal", "uv": [ 0.0, 0.0, 2.0, 1.0 ], "windMode": [-1,-1,-1,-1] },
						"west": { "texture": "#metal", "uv": [ 0.0, 0.0, 1.0, 1.0 ], "windMode": [-1,-1,-1,-1] },
						"up": { "texture": "#metal", "uv": [ 0.0, 0.0, 2.0, 1.0 ], "windMode": [-1,-1,-1,-1] },
						"down": { "texture": "#metal", "uv": [ 0.0, 0.0, 2.0, 1.0 ], "windMode": [-1,-1,-1,-1] }
					}
				}
			]
		}
	]}